Hours,HoursExp,Enjoyment
1,0,1
2,0.693147181,3
3,1.098612289,4
4,1.386294361,5
5,1.609437912,5
1,0,0
1,0,1
1,0,0
1,0,3
1,0,2
1,0,1
2,0.693147181,2
2,0.693147181,2
2,0.693147181,4
2,0.693147181,4
2,0.693147181,3
3,1.098612289,3
3,1.098612289,2
3,1.098612289,3
3,1.098612289,4
3,1.098612289,5
4,1.386294361,4
4,1.386294361,5
5,1.609437912,5
5,1.609437912,5
5,1.609437912,5
5,1.609437912,4
